"0","library(feasts)"
"0","library(tsibble)"
"0","library(tsibbledata)"
"0","library(tidyverse)"
"2","Registered S3 methods overwritten by 'dbplyr':
  method         from
  print.tbl_lazy     
  print.tbl_sql      
"
"2","[30mâ”€â”€ [1mAttaching packages[22m â”€â”€â”€â”€â”€â”€â”€â”€â”€â”€â”€â”€â”€â”€â”€â”€â”€â”€â”€â”€â”€â”€â”€â”€â”€â”€â”€â”€â”€â”€â”€â”€â”€â”€â”€â”€â”€â”€â”€â”€â”€â”€â”€â”€â”€â”€â”€â”€â”€â”€â”€â”€â”€â”€â”€â”€â”€â”€â”€â”€â”€â”€â”€â”€â”€â”€â”€â”€â”€â”€â”€â”€â”€â”€â”€â”€â”€ tidyverse 1.3.0 â”€â”€[39m
"
"2","[30m[32mâœ“[30m [34mtibble [30m 3.0.3     [32mâœ“[30m [34mpurrr  [30m 0.3.4
[32mâœ“[30m [34mtidyr  [30m 1.1.2     [32mâœ“[30m [34mstringr[30m 1.4.0
[32mâœ“[30m [34mreadr  [30m 1.3.1     [32mâœ“[30m [34mforcats[30m 0.5.0[39m
"
"2","[30mâ”€â”€ [1mConflicts[22m â”€â”€â”€â”€â”€â”€â”€â”€â”€â”€â”€â”€â”€â”€â”€â”€â”€â”€â”€â”€â”€â”€â”€â”€â”€â”€â”€â”€â”€â”€â”€â”€â”€â”€â”€â”€â”€â”€â”€â”€â”€â”€â”€â”€â”€â”€â”€â”€â”€â”€â”€â”€â”€â”€â”€â”€â”€â”€â”€â”€â”€â”€â”€â”€â”€â”€â”€â”€â”€â”€â”€â”€â”€â”€â”€â”€â”€â”€â”€â”€ tidyverse_conflicts() â”€â”€
[31mx[30m [34mlubridate[30m::[32mas.difftime()[30m masks [34mbase[30m::as.difftime()
[31mx[30m [34mlubridate[30m::[32mdate()[30m        masks [34mbase[30m::date()
[31mx[30m [34mtidyr[30m::[32mextract()[30m         masks [34mmagrittr[30m::extract()
[31mx[30m [34mplotly[30m::[32mfilter()[30m         masks [34mdplyr[30m::filter(), [34mstats[30m::filter()
[31mx[30m [34mlubridate[30m::[32mintersect()[30m   masks [34mbase[30m::intersect()
[31mx[30m [34mtsibble[30m::[32minterval()[30m      masks [34mlubridate[30m::interval()
[31mx[30m [34mdplyr[30m::[32mlag()[30m             masks [34mstats[30m::lag()
[31mx[30m [34mpurrr[30m::[32mset_names()[30m       masks [34mmagrittr[30m::set_names()
[31mx[30m [34mlubridate[30m::[32msetdiff()[30m     masks [34mbase[30m::setdiff()
[31mx[30m [34mlubridate[30m::[32munion()[30m       masks [34mbase[30m::union()[39m
"
